complex,feature1,feature2
1.7112337334881782+2.8831213930530866j,1.7112337334881782,2.8831213930530866
