complex,feature1,feature2
0.2570626234278014+1.2369375825118865j,0.2570626234278014,1.2369375825118865
0.31606571008719964+2.8321932377970396j,0.31606571008719964,2.8321932377970396
