id,b0,b1,b2,b3
0,1.262465038,0.4983076,-0.327844333,0.560058115
1,1.44864915,0.202360607,-0.524907013,0.617161343
